[
{
"patent_id": "AIH-001",
"title": "Deep Learning-Based Early Sepsis Detection System",
"domain": "Artificial Intelligence in Healthcare",
"subdomain": "Diagnostic Systems",
"problem_statement": "Delayed detection of sepsis in ICU patients increases mortality.",
"existing_solution_summary": "Rule-based scoring systems rely on limited vitals and lack predictive capability.",
"proposed_solution": "A multimodal LSTM model analyzing EHR data and vitals for 6-hour early prediction.",
"technologies_used": ["LSTM", "EHR Analytics", "Time-Series Modeling", "Explainable AI"],
"application_area": "Critical Care Units",
"limitations": "Requires high-quality continuous EHR data; limited rural deployment.",
"year": "2018",
"innovation_type": "disruptive",
"performance_metric": "AUC-ROC: 0.91",
"keywords": ["sepsis", "ICU", "LSTM", "predictive analytics", "EHR", "early diagnosis"]
},
{
"patent_id": "AIH-002",
"title": "Smart Wearable ECG Anomaly Detection Patch",
"domain": "Artificial Intelligence in Healthcare",
"subdomain": "Wearable Health Devices",
"problem_statement": "Irregular heart rhythms often go undetected outside hospitals.",
"existing_solution_summary": "Traditional Holter monitors lack real-time AI interpretation.",
"proposed_solution": "Edge-AI CNN model embedded in wearable patch for arrhythmia detection.",
"technologies_used": ["CNN", "Edge Computing", "IoT Sensors", "Signal Processing"],
"application_area": "Cardiac Monitoring",
"limitations": "Battery constraints reduce continuous monitoring duration.",
"year": "2020",
"innovation_type": "incremental",
"performance_metric": "Detection Accuracy: 94%",
"keywords": ["ECG", "wearable", "arrhythmia", "edge AI", "cardiology", "remote monitoring"]
},
{
"patent_id": "AIH-003",
"title": "AI-Assisted Lung Nodule Classification in CT Imaging",
"domain": "Artificial Intelligence in Healthcare",
"subdomain": "Medical Imaging AI",
"problem_statement": "Manual lung nodule assessment is time-consuming and subjective.",
"existing_solution_summary": "Radiologist review supported by basic CAD tools.",
"proposed_solution": "3D CNN model with attention layers for malignancy risk scoring.",
"technologies_used": ["3D CNN", "Attention Mechanism", "Radiomics", "Transfer Learning"],
"application_area": "Oncology Imaging",
"limitations": "Model bias toward training demographic groups.",
"year": "2019",
"innovation_type": "disruptive",
"performance_metric": "Sensitivity: 92%",
"keywords": ["CT scan", "lung cancer", "radiology", "3D CNN", "malignancy", "AI diagnosis"]
},
{
"patent_id": "AIH-004",
"title": "Graph Neural Network for Drug-Target Interaction Prediction",
"domain": "Artificial Intelligence in Healthcare",
"subdomain": "Drug Discovery AI",
"problem_statement": "Drug discovery pipelines are costly and time-intensive.",
"existing_solution_summary": "High-throughput screening with limited computational modeling.",
"proposed_solution": "Graph neural network predicting binding affinity from molecular structures.",
"technologies_used": ["Graph Neural Networks", "Molecular Embeddings", "Deep Learning", "Bioinformatics"],
"application_area": "Pharmaceutical Research",
"limitations": "Requires validated wet-lab confirmation.",
"year": "2021",
"innovation_type": "disruptive",
"performance_metric": "RMSE: 0.42 binding score",
"keywords": ["drug discovery", "GNN", "binding affinity", "molecular modeling", "pharma AI"]
},
{
"patent_id": "AIH-005",
"title": "Remote AI-Based Diabetes Risk Monitoring Platform",
"domain": "Artificial Intelligence in Healthcare",
"subdomain": "Remote Patient Monitoring",
"problem_statement": "Chronic diabetes progression lacks continuous risk assessment.",
"existing_solution_summary": "Periodic lab testing and manual physician evaluation.",
"proposed_solution": "Federated learning model analyzing glucose, diet, and activity data remotely.",
"technologies_used": ["Federated Learning", "Mobile Health Apps", "Predictive Modeling", "Cloud AI"],
"application_area": "Chronic Disease Management",
"limitations": "Privacy concerns in cross-device aggregation.",
"year": "2022",
"innovation_type": "incremental",
"performance_metric": "Prediction Accuracy: 89%",
"keywords": ["diabetes", "remote monitoring", "federated learning", "glucose", "mHealth"]
},

{
"patent_id": "AIH-006",
"title": "Transformer-Based Pathology Slide Analysis System",
"domain": "Artificial Intelligence in Healthcare",
"subdomain": "Medical Imaging AI",
"problem_statement": "Manual pathology slide evaluation delays cancer grading.",
"existing_solution_summary": "Traditional microscopy with partial digital scanning.",
"proposed_solution": "Vision Transformer model for automated tumor grading.",
"technologies_used": ["Vision Transformer", "Digital Pathology", "Self-Supervised Learning"],
"application_area": "Cancer Diagnostics",
"limitations": "High computational cost for gigapixel images.",
"year": "2023",
"innovation_type": "disruptive",
"performance_metric": "Classification Accuracy: 93%",
"keywords": ["pathology", "vision transformer", "tumor grading", "digital slides", "AI oncology"]
},

{
"patent_id": "AIH-007",
"title": "AI-Powered Sleep Apnea Detection Wearable",
"domain": "Artificial Intelligence in Healthcare",
"subdomain": "Wearable Health Devices",
"problem_statement": "Sleep apnea remains underdiagnosed due to lab-based testing.",
"existing_solution_summary": "Polysomnography in controlled lab environments.",
"proposed_solution": "Lightweight ML model analyzing respiratory patterns from wearable sensors.",
"technologies_used": ["Random Forest", "Respiratory Sensors", "Embedded AI"],
"application_area": "Sleep Medicine",
"limitations": "Reduced accuracy in obese patients.",
"year": "2017",
"innovation_type": "incremental",
"performance_metric": "F1 Score: 0.88",
"keywords": ["sleep apnea", "wearable", "respiratory monitoring", "ML health", "home diagnosis"]
},

{
"patent_id": "AIH-008",
"title": "Reinforcement Learning for Personalized Chemotherapy Dosing",
"domain": "Artificial Intelligence in Healthcare",
"subdomain": "Drug Discovery AI",
"problem_statement": "Chemotherapy dosing lacks personalization for toxicity control.",
"existing_solution_summary": "Standardized dosage guidelines based on population averages.",
"proposed_solution": "Reinforcement learning agent optimizing dose-response curves.",
"technologies_used": ["Reinforcement Learning", "Bayesian Modeling", "Clinical Data Mining"],
"application_area": "Oncology Treatment Planning",
"limitations": "Requires extensive patient-specific longitudinal data.",
"year": "2024",
"innovation_type": "disruptive",
"performance_metric": "Toxicity Reduction: 18%",
"keywords": ["chemotherapy", "reinforcement learning", "personalized medicine", "dose optimization"]
},
{
"patent_id": "AIH-009",
"title": "Multimodal AI System for Early Alzheimer’s Disease Prediction",
"domain": "Artificial Intelligence in Healthcare",
"subdomain": "Diagnostic Systems",
"problem_statement": "Early-stage Alzheimer’s is difficult to detect before cognitive decline becomes severe.",
"existing_solution_summary": "Cognitive tests and MRI scans are used independently with limited predictive integration.",
"proposed_solution": "A multimodal deep learning framework combining speech analysis, MRI imaging, and genetic biomarkers for early risk scoring.",
"technologies_used": ["Multimodal Deep Learning", "Speech Processing", "CNN", "Genomic Data Modeling"],
"application_area": "Neurology",
"limitations": "Limited generalization across diverse ethnic populations.",
"year": "2021",
"innovation_type": "disruptive",
"performance_metric": "AUC-ROC: 0.89",
"keywords": ["Alzheimer’s", "multimodal AI", "MRI", "speech biomarkers", "early diagnosis", "neurology"]
},
{
"patent_id": "AIH-010",
"title": "Continuous Blood Pressure Estimation Using Smartwatch Sensors",
"domain": "Artificial Intelligence in Healthcare",
"subdomain": "Wearable Health Devices",
"problem_statement": "Traditional cuff-based BP monitoring is inconvenient for continuous tracking.",
"existing_solution_summary": "Intermittent cuff-based devices with no AI-based signal interpretation.",
"proposed_solution": "Photoplethysmography-based regression model estimating systolic and diastolic pressure in real time.",
"technologies_used": ["Regression Models", "PPG Signal Processing", "Edge AI", "Time-Series Analysis"],
"application_area": "Cardiovascular Monitoring",
"limitations": "Reduced accuracy during physical activity.",
"year": "2019",
"innovation_type": "incremental",
"performance_metric": "Mean Absolute Error: 5 mmHg",
"keywords": ["blood pressure", "smartwatch", "PPG", "cardiovascular", "continuous monitoring"]
},
{
"patent_id": "AIH-011",
"title": "Deep CNN Framework for Automated Diabetic Retinopathy Grading",
"domain": "Artificial Intelligence in Healthcare",
"subdomain": "Medical Imaging AI",
"problem_statement": "Manual grading of retinal images is time-intensive and prone to subjectivity.",
"existing_solution_summary": "Ophthalmologist-based visual inspection with basic software tools.",
"proposed_solution": "Ensemble CNN architecture with attention layers for severity grading.",
"technologies_used": ["CNN", "Attention Networks", "Image Augmentation", "Transfer Learning"],
"application_area": "Ophthalmology",
"limitations": "Requires high-resolution fundus images for optimal accuracy.",
"year": "2018",
"innovation_type": "disruptive",
"performance_metric": "Accuracy: 95%",
"keywords": ["diabetic retinopathy", "fundus imaging", "CNN", "ophthalmology", "automated grading"]
},
{
"patent_id": "AIH-012",
"title": "AI-Driven Molecular Docking Optimization Platform",
"domain": "Artificial Intelligence in Healthcare",
"subdomain": "Drug Discovery AI",
"problem_statement": "Traditional molecular docking simulations are computationally expensive.",
"existing_solution_summary": "Physics-based docking with limited AI acceleration.",
"proposed_solution": "Hybrid deep learning and physics-informed neural network for accelerated docking predictions.",
"technologies_used": ["Physics-Informed Neural Networks", "Deep Learning", "Molecular Simulation", "GPU Acceleration"],
"application_area": "Pharmaceutical Development",
"limitations": "Performance depends on high-performance computing infrastructure.",
"year": "2023",
"innovation_type": "disruptive",
"performance_metric": "Docking Speed Improvement: 3.2x",
"keywords": ["molecular docking", "drug discovery", "PINN", "AI pharma", "simulation acceleration"]
},
{
"patent_id": "AIH-013",
"title": "AI-Based Remote COPD Exacerbation Prediction System",
"domain": "Artificial Intelligence in Healthcare",
"subdomain": "Remote Patient Monitoring",
"problem_statement": "COPD flare-ups are often detected too late for preventive intervention.",
"existing_solution_summary": "Manual symptom reporting and periodic spirometry tests.",
"proposed_solution": "Gradient boosting model analyzing wearable spirometer and environmental data for early alerts.",
"technologies_used": ["Gradient Boosting", "IoT Sensors", "Environmental Data Analytics", "Cloud Monitoring"],
"application_area": "Pulmonology",
"limitations": "Relies on consistent patient device usage.",
"year": "2020",
"innovation_type": "incremental",
"performance_metric": "Early Detection Rate: 87%",
"keywords": ["COPD", "remote monitoring", "spirometry", "predictive alerts", "pulmonary health"]
},
{
"patent_id": "AIH-014",
"title": "Explainable AI Framework for Automated Stroke Detection in MRI",
"domain": "Artificial Intelligence in Healthcare",
"subdomain": "Medical Imaging AI",
"problem_statement": "Black-box AI models in stroke detection reduce clinician trust.",
"existing_solution_summary": "CNN-based models without interpretability tools.",
"proposed_solution": "Attention-guided CNN with saliency mapping for interpretable stroke localization.",
"technologies_used": ["CNN", "Explainable AI", "Saliency Maps", "Medical Imaging"],
"application_area": "Neurology Imaging",
"limitations": "Saliency maps may highlight non-causal correlations.",
"year": "2022",
"innovation_type": "incremental",
"performance_metric": "Localization Accuracy: 90%",
"keywords": ["stroke detection", "MRI", "explainable AI", "saliency maps", "neurology"]
},
{
"patent_id": "AIH-015",
"title": "AI-Assisted Mental Health Chatbot with Risk Escalation Detection",
"domain": "Artificial Intelligence in Healthcare",
"subdomain": "Diagnostic Systems",
"problem_statement": "Mental health crises are not always detected in early conversational cues.",
"existing_solution_summary": "Rule-based chatbots with limited contextual understanding.",
"proposed_solution": "Transformer-based NLP model detecting suicidal ideation and escalating high-risk cases to clinicians.",
"technologies_used": ["Transformer Models", "Natural Language Processing", "Sentiment Analysis", "Risk Scoring"],
"application_area": "Mental Healthcare",
"limitations": "Potential false positives in emotionally expressive users.",
"year": "2024",
"innovation_type": "disruptive",
"performance_metric": "Crisis Detection Precision: 91%",
"keywords": ["mental health", "chatbot", "NLP", "suicide prevention", "AI triage"]
},
{
"patent_id": "AIH-016",
"title": "Personalized Insulin Dosing Recommendation Engine",
"domain": "Artificial Intelligence in Healthcare",
"subdomain": "Remote Patient Monitoring",
"problem_statement": "Static insulin dosing guidelines do not adapt to daily lifestyle variations.",
"existing_solution_summary": "Manual carb counting with physician-adjusted dosing plans.",
"proposed_solution": "Recurrent neural network analyzing glucose trends, meal logs, and activity data for adaptive dosing suggestions.",
"technologies_used": ["RNN", "Time-Series Forecasting", "Mobile Health Integration", "Cloud Analytics"],
"application_area": "Endocrinology",
"limitations": "Dependent on accurate patient self-reported dietary input.",
"year": "2017",
"innovation_type": "incremental",
"performance_metric": "Hypoglycemia Reduction: 15%",
"keywords": ["insulin dosing", "diabetes AI", "RNN", "glucose monitoring", "personalized medicine"]
},
{
    "patent_id": "AIH-017",
    "title": "Federated Learning Framework for Multi-Hospital Cancer Diagnosis",
    "domain": "Artificial Intelligence in Healthcare",
    "subdomain": "Medical Imaging AI",
    "problem_statement": "Hospitals cannot share patient imaging data due to privacy regulations, limiting model generalization.",
    "existing_solution_summary": "Centralized training approaches requiring pooled datasets.",
    "proposed_solution": "Federated CNN training architecture enabling collaborative learning without raw data exchange.",
    "technologies_used": ["Federated Learning", "CNN", "Secure Aggregation", "Differential Privacy"],
    "application_area": "Oncology Imaging",
    "limitations": "Communication overhead increases with number of participating hospitals.",
    "year": "2021",
    "innovation_type": "disruptive",
    "performance_metric": "Cross-site Accuracy Improvement: 12%",
    "keywords": ["federated learning", "privacy-preserving AI", "cancer imaging", "multi-hospital", "secure AI"]
  },
  {
    "patent_id": "AIH-018",
    "title": "AI-Enabled Smart Inhaler for Asthma Management",
    "domain": "Artificial Intelligence in Healthcare",
    "subdomain": "Wearable Health Devices",
    "problem_statement": "Asthma patients often misuse inhalers, reducing treatment effectiveness.",
    "existing_solution_summary": "Basic inhalers without adherence tracking or usage analytics.",
    "proposed_solution": "Embedded ML model analyzing inhalation flow patterns and providing corrective feedback via mobile app.",
    "technologies_used": ["Embedded Machine Learning", "Flow Sensors", "Bluetooth Connectivity", "Mobile Analytics"],
    "application_area": "Respiratory Care",
    "limitations": "Limited usability in elderly populations unfamiliar with mobile apps.",
    "year": "2018",
    "innovation_type": "incremental",
    "performance_metric": "Medication Adherence Increase: 22%",
    "keywords": ["asthma", "smart inhaler", "embedded AI", "respiratory monitoring", "adherence tracking"]
  },
  {
    "patent_id": "AIH-019",
    "title": "Self-Supervised Learning Model for Rare Disease Detection",
    "domain": "Artificial Intelligence in Healthcare",
    "subdomain": "Diagnostic Systems",
    "problem_statement": "Rare diseases lack sufficient labeled datasets for supervised learning.",
    "existing_solution_summary": "Small-scale supervised models with limited generalizability.",
    "proposed_solution": "Self-supervised representation learning framework leveraging unlabeled EHR and genomic data.",
    "technologies_used": ["Self-Supervised Learning", "Autoencoders", "EHR Mining", "Genomic Embeddings"],
    "application_area": "Genetic Disorders",
    "limitations": "Model interpretability remains limited for clinical validation.",
    "year": "2023",
    "innovation_type": "disruptive",
    "performance_metric": "Recall Improvement: 18%",
    "keywords": ["rare disease", "self-supervised learning", "genomics", "EHR analytics", "medical AI"]
  },
  {
    "patent_id": "AIH-020",
    "title": "Predictive AI Platform for Hospital Readmission Risk",
    "domain": "Artificial Intelligence in Healthcare",
    "subdomain": "Remote Patient Monitoring",
    "problem_statement": "High hospital readmission rates increase healthcare costs.",
    "existing_solution_summary": "Manual discharge planning with limited predictive analytics.",
    "proposed_solution": "Gradient boosting model analyzing discharge summaries, vitals, and social determinants for 30-day risk prediction.",
    "technologies_used": ["Gradient Boosting", "NLP", "EHR Integration", "Risk Stratification"],
    "application_area": "Hospital Administration",
    "limitations": "Limited integration with external primary care systems.",
    "year": "2016",
    "innovation_type": "incremental",
    "performance_metric": "Readmission Reduction: 14%",
    "keywords": ["hospital readmission", "risk prediction", "NLP healthcare", "EHR analytics", "care management"]
  },
  {
    "patent_id": "AIH-021",
    "title": "AI-Based Skin Lesion Classification via Mobile Imaging",
    "domain": "Artificial Intelligence in Healthcare",
    "subdomain": "Medical Imaging AI",
    "problem_statement": "Early melanoma detection is limited in remote areas without dermatologists.",
    "existing_solution_summary": "Manual examination and biopsy after visual inspection.",
    "proposed_solution": "Mobile-app CNN classifier trained on dermoscopic and smartphone images for melanoma risk scoring.",
    "technologies_used": ["CNN", "Mobile Vision AI", "Image Preprocessing", "Transfer Learning"],
    "application_area": "Dermatology",
    "limitations": "Image quality variability affects prediction consistency.",
    "year": "2019",
    "innovation_type": "disruptive",
    "performance_metric": "Sensitivity: 93%",
    "keywords": ["skin cancer", "melanoma", "mobile AI", "CNN", "dermatology screening"]
  },
  {
    "patent_id": "AIH-022",
    "title": "AI-Optimized Clinical Trial Participant Matching System",
    "domain": "Artificial Intelligence in Healthcare",
    "subdomain": "Drug Discovery AI",
    "problem_statement": "Clinical trials face delays due to inefficient participant recruitment.",
    "existing_solution_summary": "Manual screening of patient records against eligibility criteria.",
    "proposed_solution": "NLP-based eligibility extraction combined with semantic similarity matching for automated recruitment.",
    "technologies_used": ["Natural Language Processing", "Semantic Similarity Models", "Knowledge Graphs", "EHR Mining"],
    "application_area": "Clinical Research",
    "limitations": "Dependent on structured EHR documentation quality.",
    "year": "2022",
    "innovation_type": "disruptive",
    "performance_metric": "Recruitment Time Reduction: 30%",
    "keywords": ["clinical trials", "patient matching", "NLP", "knowledge graph", "AI recruitment"]
  },
  {
    "patent_id": "AIH-023",
    "title": "Edge AI-Based Fall Detection System for Elderly Care",
    "domain": "Artificial Intelligence in Healthcare",
    "subdomain": "Wearable Health Devices",
    "problem_statement": "Falls among elderly individuals often go undetected in home settings.",
    "existing_solution_summary": "Manual emergency alert buttons requiring user activation.",
    "proposed_solution": "On-device accelerometer-based deep learning model detecting fall patterns in real time.",
    "technologies_used": ["Edge AI", "Accelerometer Sensors", "Deep Neural Networks", "Embedded Systems"],
    "application_area": "Geriatric Care",
    "limitations": "False alarms during high-intensity physical activities.",
    "year": "2015",
    "innovation_type": "incremental",
    "performance_metric": "Detection Accuracy: 92%",
    "keywords": ["fall detection", "elderly care", "edge computing", "wearable sensors", "home monitoring"]
  },
  {
    "patent_id": "AIH-024",
    "title": "Reinforcement Learning-Based Antibiotic Resistance Prediction Model",
    "domain": "Artificial Intelligence in Healthcare",
    "subdomain": "Drug Discovery AI",
    "problem_statement": "Antibiotic resistance patterns evolve rapidly, making empirical treatment ineffective.",
    "existing_solution_summary": "Static antibiograms updated periodically.",
    "proposed_solution": "Reinforcement learning agent predicting resistance trends using hospital microbiology data.",
    "technologies_used": ["Reinforcement Learning", "Time-Series Forecasting", "Microbiology Data Mining", "Predictive Modeling"],
    "application_area": "Infectious Disease Management",
    "limitations": "Model accuracy decreases with sparse microbial datasets.",
    "year": "2024",
    "innovation_type": "disruptive",
    "performance_metric": "Resistance Prediction Accuracy: 88%",
    "keywords": ["antibiotic resistance", "reinforcement learning", "microbiology AI", "predictive healthcare", "infection control"]
  }
]